,Player_ID,First_Name,Last_Name,Full_Name,Matches,Innings,Runs,Balls_Faced,Highest_Score,Batting_Average,Strike_Rate,Fifties,Hundreds,Fours,Sixes,Not_Outs,Catches,Stumpings,Overs,Runs_Conceded,Wickets,Bowling_Average,Economy,Bowling_Strike_Rate,Best_Bowling,4_Wickets,5_Wickets
0,10059,Kartik,Tyagi,Kartik Tyagi,20,7,13,16,7,3.25,81.25,0,0,1,0,3,3,0,52.20,491,13,37.77,9.41,24.08,2/29,0,0
1,20585,Mayank,Yadav,Mayank Yadav,8,0,,,,,,0,0,,,0,5,,28.20,285,11,25.91,10.12,15.36,3/14,0,0
2,4952,Mohsin,Khan,Mohsin Khan,24,5,25,24,13*,8.33,104.17,0,0,2,1,2,2,,81.00,689,27,25.52,8.51,18.00,4/16,1,0
3,1563,Shreyas,Iyer,Shreyas Iyer,133,132,3731,2798,97*,34.23,133.35,27,0,314,152,23,56,0,1.00,7,0,,7.00,,0/7,0,0
4,20595,Ramandeep,Singh,Ramandeep Singh,31,20,217,137,35,19.73,158.39,0,0,9,17,9,14,,6.70,63,6,10.50,9.45,6.67,3/20,0,0
5,1125,KL,Rahul,KL Rahul,145,136,5222,3839,132*,46.21,136.03,40,5,452,208,23,84,7,0.00,0,0,,,,,0,0
6,258,Sanju,Samson,Sanju Samson,177,172,4704,3383,119,30.95,139.05,26,3,379,219,20,86,17,0.00,0,0,,,,,0,0
7,1124,Jasprit,Bumrah,Jasprit Bumrah,157,33,69,80,16*,9.86,86.25,0,0,5,1,26,20,0,603.50,4346,201,21.62,7.20,18.01,5/10,4,2
8,8540,Venkatesh,Iyer,Venkatesh Iyer,62,56,1468,1069,104,29.96,137.32,12,1,136,65,7,22,0,13.50,143,3,47.67,10.59,27.00,2/29,0,0
9,2738,Nitish,Rana,Nitish Rana,129,123,3070,2220,87,27.41,138.29,22,0,288,150,11,28,0,34.00,288,10,28.80,8.47,20.40,2/11,0,0
10,5436,Prabhsimran,Singh,Prabhsimran Singh,51,51,1305,859,103,25.59,151.92,7,1,134,71,0,6,1,0.00,0,0,,,,,0,0
11,17068,Marco,Jansen,Marco Jansen,49,29,216,192,34*,14.40,112.50,0,0,11,10,14,29,0,169.30,1583,52,30.44,9.35,19.54,3/17,0,0
12,22030,Ashwani,Kumar,Ashwani Kumar,14,0,,,,,,0,0,,,0,4,,41.00,464,22,21.09,11.32,11.18,4/24,2,0
13,1112,Sandeep,Sharma,Sandeep Sharma,147,29,66,79,9,11.00,83.54,0,0,4,0,23,23,0,543.30,4431,155,28.59,8.16,21.03,5/18,2,1
14,857,Josh,Hazlewood,Josh Hazlewood,51,8,19,30,7*,,63.33,0,0,1,0,8,4,0,188.50,1582,79,20.03,8.39,14.32,4/25,3,0
15,1094,Gurnoor,Brar,Gurnoor Brar,1,0,,,,,,0,0,,,0,,,3.00,42,0,,14.00,,0/42,0,0
16,20586,Ayush,Badoni,Ayush Badoni,70,57,1292,917,74,28.09,140.89,8,0,100,52,11,22,,7.50,62,6,10.33,8.27,7.50,2/4,0,0
17,834,Quinton,de Kock,Quinton de Kock,115,115,3309,2469,140*,30.64,134.02,24,2,325,134,7,73,16,0.00,0,0,,,,,0,0
18,3774,Anukul,Roy,Anukul Roy,13,8,26,26,13*,5.20,100.00,0,0,3,0,3,7,0,30.70,245,7,35.00,7.99,26.29,2/19,0,0
19,1705,Shimron,Hetmyer,Shimron Hetmyer,86,79,1483,976,75,29.08,151.95,5,0,93,93,28,45,0,0.00,0,0,,,,,0,0
20,1,MS,Dhoni,MS Dhoni,278,242,5439,3957,84*,38.30,137.45,24,0,375,264,100,158,47,0.00,0,0,,,,,0,0
21,3180,Swapnil,Singh,Swapnil Singh,14,9,51,45,15*,10.20,113.33,0,0,3,3,4,3,0,24.00,212,7,30.29,8.83,20.57,2/28,0,0
22,13803,Shahbaz,Ahmed,Shahbaz Ahmed,61,39,554,456,59*,18.47,121.49,1,0,30,25,9,21,0,106.50,1041,23,45.26,9.77,27.78,3/23,0,0
23,20701,Naman,Dhir,Naman Dhir,39,31,644,355,62*,29.27,181.41,1,0,60,36,9,27,,12.70,97,0,,7.66,,0/13,0,0
24,1564,Sarfaraz,Khan,Sarfaraz Khan,40,28,441,319,67,23.21,138.24,1,0,50,11,9,4,0,0.30,6,0,,18.00,,0/6,0,0
25,2964,Khaleel,Ahmed,Khaleel Ahmed,85,8,3,11,1*,0.75,27.27,0,0,0,0,4,6,0,306.00,2775,104,26.68,9.07,17.65,3/21,0,0
26,5396,Sherfane,Rutherford,Sherfane Rutherford,23,20,397,289,46,24.81,137.37,0,0,25,26,4,6,0,6.80,59,1,59.00,8.63,41.00,1/6,0,0
27,22383,Lhuan-dre,Pretorius,Lhuan-dre Pretorius,1,0,,,,,,0,0,,,0,,,,,,,,,,,
28,4305,Vishnu,Vinod,Vishnu Vinod,6,6,56,57,30,9.33,98.25,0,0,3,3,0,1,2,0.00,0,0,,,,,0,0
29,20683,Suryansh,Shedge,Suryansh Shedge,10,6,14,22,4,2.33,63.64,0,0,0,0,0,2,,6.00,80,0,,13.33,,0/40,0,0
30,20685,Azmatullah,Omarzai,Azmatullah Omarzai,25,14,156,115,21*,13.00,135.65,0,0,14,8,2,2,,75.00,744,20,37.20,9.92,22.50,2/27,0,0
31,20717,,,,,,,,,,,,,,,,,,,,,,,,,,
32,13538,Yashasvi,Jaiswal,Yashasvi Jaiswal,67,66,2166,1417,124,34.38,152.86,15,2,258,92,3,28,0,0.20,6,0,,36.00,,0/6,0,0
33,2972,Rishabh,Pant,Rishabh Pant,125,123,3553,2407,128*,34.16,147.61,19,2,319,170,19,80,24,0.00,0,0,,,,,0,0
34,22032,,,,,,,,,,,,,,,,,,,,,,,,,,
35,20680,Corbin,Bosch,Corbin Bosch,4,4,94,64,27,23.50,146.88,0,0,6,6,0,4,,14.00,110,2,55.00,7.86,42.00,1/26,0,0
36,1020,Travis,Head,Travis Head,38,37,1146,674,102,34.73,170.03,8,1,126,55,4,5,0,9.70,113,2,56.50,11.69,29.00,2/30,0,0
37,3729,Lockie,Ferguson,Lockie Ferguson,53,12,76,48,24*,25.33,158.33,0,0,8,2,9,9,0,181.80,1634,56,29.18,8.99,19.48,4/28,1,0
38,22378,,,,,,,,,,,,,,,,,,,,,,,,,,
39,2885,Rashid,Khan,Rashid Khan,151,76,625,393,79*,13.30,159.03,1,0,43,44,29,54,0,586.50,4280,167,25.63,7.30,21.07,4/24,2,0
40,5443,Ruturaj,Gaikwad,Ruturaj Gaikwad,71,70,2502,1820,108*,40.35,137.47,20,2,231,95,8,39,0,0.00,0,0,,,,,0,0
41,276,Karun,Nair,Karun Nair,84,76,1694,1286,89,23.86,131.73,11,0,185,49,5,25,0,0.00,0,0,,,,,0,0
42,5433,Anrich,Nortje,Anrich Nortje,50,19,49,49,23*,8.17,100.00,0,0,6,0,13,12,0,189.70,1740,62,28.06,9.17,18.35,3/33,0,0
43,1075,Jason,Holder,Jason Holder,26,16,189,156,47*,14.54,121.15,0,0,11,11,3,7,0,95.80,786,35,22.46,8.20,16.43,4/52,1,0
44,20690,Angkrish,Raghuvanshi,Angkrish Raghuvanshi,22,18,463,320,54,28.94,144.69,2,0,46,16,2,6,,,,,,,,,,
45,33333,Abishek,Porel,Abishek Porel,31,29,661,441,65,25.42,149.89,3,0,65,27,3,9,,,,,,,,,,
46,22019,,,,,,,,,,,,,,,,,,,,,,,,,,
47,2973,Washington,Sundar,Washington Sundar,72,50,644,485,49,17.41,132.78,0,0,52,23,13,18,0,197.30,1547,41,37.73,7.84,28.88,3/16,0,0
48,488,Pat,Cummins,Pat Cummins,86,59,709,460,66*,20.85,154.13,3,0,45,48,25,25,0,319.20,2823,95,29.72,8.84,20.16,4/34,1,0
49,5847,Digvesh,Singh,Digvesh Singh,26,4,2,6,1,1.00,33.33,0,0,0,0,2,6,,104.00,858,28,30.64,8.25,22.29,2/30,0,0
50,20599,Arshad,Khan,Arshad Khan,28,17,147,107,58*,18.38,137.38,1,0,6,12,9,11,,66.30,738,18,41.00,11.13,22.11,3/39,0,0
51,19351,Ravi,Bishnoi,Ravi Bishnoi,88,21,58,82,13,4.83,70.73,0,0,2,4,9,32,0,308.20,2630,81,32.47,8.53,22.83,3/24,0,0
52,4445,Riyan,Parag,Riyan Parag,98,86,1959,1340,95,27.21,146.19,8,0,138,114,14,53,0,69.20,647,10,64.70,9.35,41.50,1/10,0,0
53,5615,,,,,,,,,,,,,,,,,,,,,,,,,,
54,10788,Anuj,Rawat,Anuj Rawat,24,21,318,267,66,19.88,119.10,1,0,26,14,5,17,0,0.00,0,0,,,,,0,0
55,3838,Rahul,Tripathi,Rahul Tripathi,100,98,2291,1662,93,26.33,137.85,12,0,229,85,11,34,0,1.00,12,0,,12.00,,0/12,0,0
56,22381,Harsh,Dubey,Harsh Dubey,6,0,,,,,,0,0,,,0,,,20.00,196,10,19.60,9.80,12.00,3/34,0,0
57,20627,Matheesha,Pathirana,Matheesha Pathirana,44,0,,,,,,0,0,,,0,12,,158.80,1440,60,24.00,9.07,15.88,4/28,1,0
58,5622,Mukesh,Kumar,Mukesh Kumar,44,5,10,18,6*,10.00,55.56,0,0,0,0,4,12,,145.50,1510,48,31.46,10.38,18.19,4/33,2,0
59,94,Mohammad,Shami,Mohammad Shami,128,33,94,99,21,6.27,94.95,0,0,8,2,18,23,0,464.30,4086,139,29.40,8.80,20.04,4/11,2,0
60,15154,Umran,Malik,Umran Malik,26,6,23,16,19*,11.50,143.75,0,0,1,2,4,6,0,12.00,96,2,48.00,8.00,36.00,1/21,0,0
61,20700,Nuwan,Thushara,Nuwan Thushara,9,0,,,,,,0,0,,,0,1,,34.00,309,10,30.90,9.09,20.40,3/28,0,0
62,3020,,,,,,,,,,,,,,,,,,,,,,,,,,
63,20626,Harshit,Rana,Harshit Rana,47,17,116,109,34,11.60,106.42,0,0,10,6,7,18,,152.20,1477,55,26.85,9.71,16.60,3/24,0,0
64,4698,Arshdeep,Singh,Arshdeep Singh,99,16,33,52,10*,4.71,63.46,0,0,4,0,9,20,0,344.00,3088,118,26.17,8.98,17.49,5/32,2,1
65,20694,Kumar,Kushagra,Kumar Kushagra,4,3,3,7,2,1.00,42.86,0,0,0,0,0,1,,,,,,,,,,
66,14800,Akash,Deep,Akash Deep,20,7,31,16,17,7.75,193.75,0,0,2,3,3,3,,65.30,777,13,59.77,11.89,30.15,3/45,0,0
67,5624,Yash,Thakur,Yash Thakur,23,0,,,,,,0,0,,,0,2,,80.30,849,26,32.65,10.57,18.54,5/30,1,1
68,5602,Cameron,Green,Cameron Green,29,28,707,460,100*,41.59,153.70,2,1,62,32,11,10,,,,,,,,,,
69,1619,Tim,Seifert,Tim Seifert,3,3,26,23,21,8.67,113.04,0,0,4,0,0,1,,,,,,,,,,
70,1740,Jayant,Yadav,Jayant Yadav,20,5,40,36,23,10.00,111.11,0,0,2,1,1,8,0,65.00,445,8,55.63,6.85,48.75,1/23,0,0
71,22052,Priyansh,Arya,Priyansh Arya,17,17,475,265,103,27.94,179.25,2,1,55,25,0,8,,,,,,,,,,
72,3763,Rahul,Chahar,Rahul Chahar,80,24,129,124,25*,8.06,104.03,0,0,13,5,8,23,0,279.30,2159,75,28.79,7.73,22.35,4/27,1,0
73,3831,T,Natarajan,T Natarajan,63,4,3,5,3*,3.00,60.00,0,0,0,0,3,9,0,228.80,2067,67,30.85,9.03,20.49,4/19,1,0
74,22266,Vignesh,Puthur,Vignesh Puthur,10,0,,,,,,0,0,,,0,4,,24.00,218,12,18.17,9.08,12.00,3/32,0,0
75,5653,Urvil,Patel,Urvil Patel,3,3,68,32,37,22.67,212.50,0,0,5,6,0,2,,,,,,,,,,
76,3333,Rovman,Powell,Rovman Powell,29,23,365,249,67*,18.25,146.59,1,0,22,28,3,19,,3.00,35,1,35.00,11.67,18.00,1/18,0,0
77,964,Marcus,Stoinis,Marcus Stoinis,122,110,2186,1486,124*,28.03,147.11,9,1,166,121,32,26,0,162.20,1624,45,36.09,10.01,21.62,4/15,1,0
78,3183,Krunal,Pandya,Krunal Pandya,157,125,1865,1412,86,21.94,132.08,3,0,162,69,40,58,0,445.70,3364,110,30.58,7.55,24.31,4/45,2,0
79,20688,Shubham,Dubey,Shubham Dubey,13,11,139,85,34*,23.17,163.53,0,0,9,10,5,1,,,,,,,,,,
80,3779,Shivam,Mavi,Shivam Mavi,32,12,51,56,20,5.67,91.07,0,0,4,2,3,16,0,86.20,715,25,28.60,8.30,20.68,4/21,1,0
81,7123,Sai,Kishore,Sai Kishore,40,8,23,26,13,3.29,88.46,0,0,0,2,1,15,,116.00,1044,51,20.47,9.00,13.65,4/33,1,0
82,3761,Shubman,Gill,Shubman Gill,118,115,3866,2787,129,39.45,138.72,26,4,372,119,17,45,0,0.00,0,0,,,,,0,0
83,5629,Will,Jacks,Will Jacks,34,30,696,475,100*,25.78,146.53,3,1,60,40,3,15,,37.00,340,14,24.29,9.19,15.86,2/14,0,0
84,1113,Axar,Patel,Axar Patel,174,135,2179,1597,66,22.46,136.44,3,0,153,109,38,80,0,584.50,4334,133,32.59,7.41,26.37,4/21,1,0
85,20577,Rasikh,Salam,Rasikh Salam,15,6,40,40,10,8.00,100.00,0,0,5,0,1,4,0,44.50,479,11,43.55,10.76,24.27,3/34,0,0
86,20590,Noor,Ahmad,Noor Ahmad,51,19,27,52,7*,2.25,51.92,0,0,2,0,7,11,,182.00,1475,72,20.49,8.10,15.17,4/18,4,0
87,22379,,,,,,,,,,,,,,,,,,,,,,,,,,
88,3027,Glenn,Phillips,Glenn Phillips,8,8,65,55,25,9.29,118.18,0,0,3,6,1,3,0,5.00,40,2,20.00,8.00,15.00,1/10,0,0
89,1616,Kyle,Jamieson,Kyle Jamieson,17,11,65,65,16*,16.25,100.00,0,0,5,3,7,2,0,58.00,563,19,29.63,9.71,18.32,3/41,0,0
90,123,Manish,Pandey,Manish Pandey,174,162,3942,3244,114*,29.42,121.52,22,1,340,115,28,86,0,0.00,0,0,,,,,0,0
91,20620,Dhruv,Jurel,Dhruv Jurel,42,35,680,442,70,28.33,153.85,4,0,51,38,11,19,,,,,,,,,,
92,10244,Arjun,Tendulkar,Arjun Tendulkar,5,1,13,9,13,13.00,144.44,0,0,0,1,0,,,12.20,114,3,38.00,9.37,24.33,1/9,0,0
93,969,Trent,Boult,Trent Boult,136,31,87,84,17*,8.70,103.57,0,0,5,3,21,36,0,504.80,4264,165,25.84,8.45,18.36,4/18,3,0
94,20584,,,,,,,,,,,,,,,,,,,,,,,,,,
95,5434,Himmat,Singh,Himmat Singh,3,0,,,,,,0,0,,,0,1,,,,,,,,,,
96,7119,M,Siddharth,M Siddharth,7,0,,,,,,0,0,,,0,2,,23.00,205,5,41.00,8.91,27.60,2/39,0,0
97,1664,Kagiso,Rabada,Kagiso Rabada,88,35,224,209,44,11.20,107.18,0,0,16,10,15,30,0,331.00,2894,121,23.92,8.74,16.41,4/21,6,0
98,22109,Jamie,Overton,Jamie Overton,6,4,30,14,11*,,214.29,0,0,2,2,4,,,12.00,166,0,,13.83,,0/24,0,0
99,22228,Eshan,Malinga,Eshan Malinga,14,0,,,,,,0,0,,,0,8,,53.30,476,26,18.31,8.93,12.31,3/31,0,0
100,116,Bhuvneshwar,Kumar,Bhuvneshwar Kumar,204,80,334,376,27,7.95,88.83,0,0,32,3,38,43,0,755.70,5895,215,27.42,7.80,21.09,5/19,2,2
101,20716,Nandre,Burger,Nandre Burger,6,0,,,,,,0,0,,,0,2,,17.00,145,7,20.71,8.53,14.57,2/29,0,0
102,20592,Sai,Sudharsan,Sai Sudharsan,40,40,1793,1229,108*,49.81,145.89,12,2,183,52,4,10,,,,,,,,,,
103,17118,Nathan,Ellis,Nathan Ellis,18,5,19,25,12,4.75,76.00,0,0,0,1,1,3,0,68.00,592,20,29.60,8.71,20.40,4/30,1,0
104,20576,Prashant,Solanki,Prashant Solanki,2,0,,,,,,0,0,,,0,,,,,,,,,,,
105,3188,Pravin,Dubey,Pravin Dubey,6,2,23,33,16,23.00,69.70,0,0,2,0,1,3,0,15.00,131,3,43.67,8.73,30.00,1/19,0,0
106,38,Ishant,Sharma,Ishant Sharma,124,28,57,69,10*,9.50,82.61,0,0,4,2,22,23,0,422.50,3584,101,35.49,8.48,25.10,5/12,0,1
107,1703,Nicholas,Pooran,Nicholas Pooran,90,87,2293,1357,87*,34.22,168.98,14,0,158,167,20,40,4,0.00,0,0,,,,,0,0
108,20692,Manav,Suthar,Manav Suthar,1,1,1,2,1,1.00,50.00,0,0,0,0,0,,,2.00,26,0,,13.00,,0/26,0,0
109,22003,Ryan,Rickelton,Ryan Rickelton,14,14,388,257,62*,29.85,150.97,3,0,47,17,1,11,5,,,,,,,,,
110,5811,,,,,,,,,,,,,,,,,,,,,,,,,,
111,22053,Vipraj,Nigam,Vipraj Nigam,28,16,284,158,39,20.29,179.75,0,0,30,16,2,6,,78.00,712,22,32.36,9.13,21.27,2/18,0,0
112,509,Jos,Buttler,Jos Buttler,121,119,4120,2758,124,40.00,149.38,24,7,407,185,16,63,3,0.00,0,0,,,,,0,0
113,3644,Liam,Livingstone,Liam Livingstone,59,55,1163,746,94,24.74,155.90,8,0,74,84,8,26,0,61.00,545,15,36.33,8.93,24.40,3/27,0,0
114,22136,,,,,,,,,,,,,,,,,,,,,,,,,,
115,22007,Zeeshan,Ansari,Zeeshan Ansari,20,0,,,,,,0,0,,,0,8,,67.70,666,12,55.50,9.84,33.83,3/42,0,0
116,135,Ajinkya,Rahane,Ajinkya Rahane,198,183,5032,4025,105*,30.50,125.02,33,2,514,123,18,76,0,1.00,5,1,5.00,5.00,6.00,1/5,0,0
117,1745,Shardul,Thakur,Shardul Thakur,115,47,343,245,68,11.06,140.00,1,0,33,13,16,40,0,379.00,3619,120,30.16,9.55,18.95,4/34,3,0
118,20689,Sameer,Rizwi,Sameer Rizwi,13,9,172,122,58*,24.57,140.98,1,0,15,9,2,6,,,,,,,,,,
119,20593,Dewald,Brevis,Dewald Brevis,16,16,455,297,57,28.44,153.20,2,0,30,33,0,10,,0.50,8,1,8.00,16.00,3.00,1/8,0,0
120,1561,Avesh,Khan,Avesh Khan,89,18,83,49,19*,27.67,169.39,0,0,9,5,15,15,0,317.20,2948,100,29.48,9.29,19.03,4/24,1,0
121,4524,Tim,David,Tim David,50,44,846,488,50*,32.54,173.36,1,0,54,60,18,29,0,0.00,0,0,,,,0,0,0
122,20616,Kuldeep,Sen,Kuldeep Sen,12,1,0,3,0*,,0.00,0,0,0,0,1,4,,40.20,387,14,27.64,9.63,17.21,4/20,1,0
123,5859,Nehal,Wadera,Nehal Wadera,52,46,1088,756,70,27.90,143.92,6,0,88,60,7,18,,3.70,31,0,,8.45,,0/13,0,0
124,22112,Xavier,Bartlett,Xavier Bartlett,8,2,22,30,11,11.00,73.33,0,0,2,0,0,10,,20.00,192,4,48.00,9.60,30.00,1/26,0,0
125,20609,Romario,Shepherd,Romario Shepherd,26,15,255,111,53*,28.33,229.73,2,0,17,24,6,8,,49.00,559,16,34.94,11.41,18.38,2/14,0,0
126,3185,Jitesh,Sharma,Jitesh Sharma,55,47,991,631,85*,25.41,157.05,1,0,77,62,8,44,5,,,,,,,,,
127,817,Dushmantha,Chameera,Dushmantha Chameera,25,14,63,56,17,15.75,112.50,0,0,3,3,10,4,,77.00,774,17,45.53,10.05,27.18,2/17,0,0
128,164,Virat,Kohli,Virat Kohli,267,259,8661,6519,113,39.55,132.86,63,8,771,291,40,118,0,41.80,368,4,92.00,8.80,62.75,2/25,0,0
129,20594,Tilak,Varma,Tilak Varma,54,51,1499,1038,84*,37.48,144.41,8,0,113,74,11,32,,3.70,28,0,,7.64,,0/6,0,0
130,5606,Phil,Salt,Phil Salt,34,34,1056,601,89*,34.06,175.71,10,0,122,56,3,26,,,,,,,,,,
131,5652,Donovan,Ferreira,Donovan Ferreira,3,3,9,14,7,3.00,64.29,0,0,0,0,0,2,,,,,,,,,,
132,22377,Ayush,Mhatre,Ayush Mhatre,7,7,240,127,94,34.29,188.98,1,0,31,11,0,4,,,,,,,,,,
133,5105,Prasidh,Krishna,Prasidh Krishna,81,10,9,24,4*,3.00,37.50,0,0,0,0,7,19,0,308.80,2679,99,27.06,8.67,18.72,4/30,3,0
134,1749,Rahul,Tewatia,Rahul Tewatia,108,77,1112,811,53,23.17,137.11,1,0,90,54,29,42,0,140.50,1111,32,34.72,7.91,26.34,3/18,0,0
135,140,Deepak,Chahar,Deepak Chahar,109,21,154,109,39,17.11,141.28,0,0,8,10,12,17,0,360.20,2973,99,30.03,8.25,21.83,4/13,2,0
136,2975,Ishan,Kishan,Ishan Kishan,133,125,3352,2410,106*,29.66,139.09,18,2,321,149,12,67,5,0.30,8,0,,24.00,,0/4,0,0
137,22252,,,,,,,,,,,,,,,,,,,,,,,,,,
138,22082,Aniket,Verma,Aniket Verma,14,12,236,142,74,26.22,166.20,1,0,12,20,3,6,,,,,,,,,,
139,3840,Mohammed,Siraj,Mohammed Siraj,123,27,115,127,14,11.50,90.55,0,0,10,4,17,39,0,440.30,3877,125,31.02,8.80,21.14,4/17,4,0
140,490,Mitchell,Starc,Mitchell Starc,63,29,117,129,29,9.00,90.70,0,0,11,0,16,36,0,210.50,1869,79,23.66,8.88,15.99,5/35,2,2
141,12585,Akash,Singh,Akash Singh,13,0,0,0,0,,,0,0,0,0,0,1,0,45.30,425,13,32.69,9.38,20.92,2/30,0,0
142,20702,Anshul,Kamboj,Anshul Kamboj,19,11,30,26,5*,7.50,115.38,0,0,4,0,7,5,,53.00,458,18,25.44,8.64,17.67,3/13,0,0
143,5430,Devdutt,Padikkal,Devdutt Padikkal,74,74,1806,1430,101*,25.44,126.29,11,1,190,56,3,29,0,0.00,0,0,,,,,0,0
144,20725,,,,,,,,,,,,,,,,,,,,,,,,,,
145,22077,Kamindu,Mendis,Kamindu Mendis,10,10,184,138,32*,30.67,133.33,0,0,14,4,4,2,,14.00,120,4,30.00,8.57,21.00,1/4,0,0
146,2740,Hardik,Pandya,Hardik Pandya,167,152,2973,2008,91,28.05,148.06,10,0,225,160,46,75,0,306.30,2834,92,30.80,9.25,19.98,5/36,0,2
147,3261,Shashank,Singh,Shashank Singh,58,47,1123,718,68*,43.19,156.41,8,0,79,61,21,24,,7.00,79,1,79.00,11.29,42.00,1/5,0,0
148,5431,Shivam,Dube,Shivam Dube,93,89,2216,1564,95*,30.78,141.69,11,0,130,143,17,27,0,22.70,246,5,49.20,10.85,27.20,2/15,0,0
149,107,Rohit,Sharma,Rohit Sharma,272,267,7046,5334,109*,29.73,132.10,47,2,640,302,30,102,0,60.50,453,15,30.20,7.49,24.20,4/6,1,0
150,20695,,,,,,,,,,,,,,,,,,,,,,,,,,
151,19352,Abdul,Samad,Abdul Samad,76,64,905,581,45,19.67,155.77,0,0,53,64,18,35,0,9.70,125,2,62.50,12.93,29.00,1/41,0,0
152,3869,Heinrich,Klaasen,Heinrich Klaasen,48,45,1480,872,105*,40.00,169.72,7,2,98,89,8,21,7,0.00,0,0,,,,,0,0
153,22074,Jacob,Bethell,Jacob Bethell,2,2,67,39,55,33.50,171.79,1,0,9,3,0,1,,,,,,,,,,
154,203,Sunil,Narine,Sunil Narine,201,134,2026,1213,109,18.09,167.02,7,1,214,135,22,39,0,769.30,5273,204,25.85,6.85,22.63,5/19,7,1
155,3257,Tushar,Deshpande,Tushar Deshpande,56,12,35,30,20*,11.67,116.67,0,0,2,1,9,10,0,192.80,1923,60,32.05,9.97,19.28,4/27,1,0
156,5608,,,,,,,,,,,,,,,,,,,,,,,,,,
157,22375,Matthew,Breetzke,Matthew Breetzke,1,1,14,12,14,14.00,116.67,0,0,1,1,0,,,,,,,,,,,
158,111,Yuzvendra,Chahal,Yuzvendra Chahal,188,20,37,86,8*,5.29,43.02,0,0,0,0,13,34,0,676.80,5462,237,23.05,8.07,17.14,5/40,10,1
159,20575,Mukesh,Choudhary,Mukesh Choudhary,18,2,6,6,4,6.00,100.00,0,0,1,0,1,3,,58.50,593,18,32.94,10.14,19.50,4/46,1,0
160,22203,Vaibhav,Suryavanshi,Vaibhav Suryavanshi,7,7,252,122,101,36.00,206.56,1,1,18,24,0,,,,,,,,,,,
161,20591,Yash,Dayal,Yash Dayal,58,7,8,17,3,1.60,47.06,0,0,0,0,2,11,,194.20,1860,54,34.44,9.58,21.57,3/20,0,0
162,1903,Mitchell,Santner,Mitchell Santner,44,27,150,137,22,15.00,109.49,0,0,8,9,17,22,0,140.00,1048,35,29.94,7.49,24.00,3/11,0,0
163,3760,Abhishek,Sharma,Abhishek Sharma,91,87,2255,1341,141,28.19,168.16,11,2,220,129,7,34,0,67.00,613,11,55.73,9.15,36.55,2/24,0,0
164,7779,Shahrukh,Khan,Shahrukh Khan,70,60,911,591,58,22.78,154.15,3,0,57,63,20,30,0,4.00,41,2,20.50,10.25,12.00,1/13,0,0
165,10842,Yudhvir,Singh,Yudhvir Singh,13,4,22,16,14,5.50,137.50,0,0,1,2,0,,,34.00,384,12,32.00,11.29,17.00,3/47,0,0
166,5432,Varun,Chakaravarthy,Varun Chakaravarthy,97,14,27,48,10*,6.75,56.25,0,0,2,0,10,18,0,364.70,2768,117,23.66,7.59,18.70,5/20,1,1
167,20707,Robin,Minz,Robin Minz,2,2,6,15,3,3.00,40.00,0,0,0,0,0,,,,,,,,,,,
168,3082,Wanindu,Hasaranga,Wanindu Hasaranga,48,24,90,103,18,4.50,87.38,0,0,7,1,4,7,0,174.00,1490,57,26.14,8.56,18.32,5/18,3,1
169,3764,Prithvi,Shaw,Prithvi Shaw,79,79,1892,1283,99,23.95,147.47,14,0,238,61,0,18,0,0.00,0,0,,,,,0,0
170,22380,Mitch,Owen,Mitch Owen,1,1,0,2,0,0.00,0.00,0,0,0,0,0,2,,,,,,,,,,
171,3502,Jofra,Archer,Jofra Archer,64,39,325,228,30,13.00,142.54,0,0,17,22,14,12,0,248.50,2033,70,29.04,8.18,21.30,3/15,0,0
172,20703,Ashutosh,Sharma,Ashutosh Sharma,24,18,393,240,66*,28.07,163.75,2,0,24,28,4,4,,,,,,,,,,
173,22085,Musheer,Khan,Musheer Khan,2,2,0,6,0,0.00,0.00,0,0,0,0,0,,,4.00,54,2,27.00,13.50,12.00,1/27,0,0
174,187,David,Miller,David Miller,141,134,3077,2220,101*,36.20,138.60,13,1,220,138,49,80,0,0.00,0,0,,,,,0,0
175,22372,Josh,Inglis,Josh Inglis,11,11,278,171,73,30.89,162.57,1,0,26,16,2,9,1,,,,,,,,,
176,20631,Tristan,Stubbs,Tristan Stubbs,46,43,1005,631,71*,43.70,159.27,3,0,76,48,20,27,2,8.00,109,4,27.25,13.63,12.00,2/11,0,0
177,20691,Arshin,Kulkarni,Arshin Kulkarni,2,2,9,8,9,4.50,112.50,0,0,2,0,0,,,,,,,,,,,
178,20684,Rachin,Ravindra,Rachin Ravindra,18,18,413,287,65*,24.29,143.90,2,0,40,16,1,10,,2.00,7,0,,3.50,,0/3,0,0
179,4951,Mayank,Markande,Mayank Markande,37,11,48,42,18*,16.00,114.29,0,0,5,1,8,8,0,120.00,1069,37,28.89,8.91,19.46,4/15,2,0
180,261,Kuldeep,Yadav,Kuldeep Yadav,112,43,219,248,35*,12.17,88.31,0,0,20,3,25,20,0,393.00,3112,117,26.60,7.92,20.15,4/14,4,0
181,1097,Vyshak,Vijaykumar,Vyshak Vijaykumar,21,4,14,12,13*,7.00,116.67,0,0,0,1,2,6,,72.50,757,21,36.05,10.44,20.71,3/20,0,0
182,14859,Vaibhav,Arora,Vaibhav Arora,44,12,9,32,2,1.50,28.13,0,0,0,0,6,13,,148.80,1446,53,27.28,9.72,16.85,3/27,0,0
183,22145,,,,,,,,,,,,,,,,,,,,,,,,,,
184,221,Mitchell,Marsh,Mitchell Marsh,55,49,1293,904,117,27.51,143.03,9,1,104,75,2,11,0,93.30,795,37,21.49,8.52,15.14,4/25,2,0
185,5471,Rajat,Patidar,Rajat Patidar,42,38,1111,720,112*,30.86,154.31,9,1,76,68,2,10,0,0.00,0,0,,,,,0,0
186,20721,Luke,Wood,Luke Wood,2,1,9,3,9*,,300.00,0,0,0,1,1,,,,,,,,,,,
187,22097,Prince,Yadav,Prince Yadav,12,4,10,20,4*,,50.00,0,0,0,0,4,4,,45.70,450,6,75.00,9.85,45.67,1/29,0,0
188,2939,Sam,Curran,Sam Curran,69,58,1111,815,88,24.69,136.32,7,0,96,45,13,28,0,220.80,2166,60,36.10,9.81,22.08,4/11,1,0
189,434,Adam,Milne,Adam Milne,10,6,23,29,15,5.75,79.31,0,0,0,1,2,7,0,34.50,327,7,46.71,9.48,29.57,2/21,0,0
190,20724,Kwena,Maphaka,Kwena Maphaka,6,2,16,4,8*,,400.00,0,0,4,0,2,4,,16.00,197,3,65.67,12.31,32.00,1/23,0,0
191,20581,,,,,,,,,,,,,,,,,,,,,,,,,,
192,157,Harshal,Patel,Harshal Patel,131,50,291,255,36*,9.39,114.12,0,0,16,15,19,31,0,447.80,4009,167,24.01,8.95,16.09,5/27,6,1
193,5711,Nitish,Kumar Reddy,Nitish Kumar Reddy,41,33,667,518,76*,26.68,128.76,2,0,47,29,8,18,,28.20,301,7,43.00,10.69,24.14,2/17,0,0
194,22259,Madhav,Tiwari,Madhav Tiwari,1,1,3,4,3,3.00,75.00,0,0,0,0,0,2,,,,,,,,,,
195,86,Jaydev,Unadkat,Jaydev Unadkat,119,32,197,166,26,12.31,118.67,0,0,16,7,16,30,0,402.80,3539,121,29.25,8.79,19.98,5/25,0,2
196,3830,Rinku,Singh,Rinku Singh,59,51,1099,757,67*,30.53,145.18,4,0,87,56,15,39,0,0.00,0,0,,,,,0,0
197,22153,,,,,,,,,,,,,,,,,,,,,,,,,,
198,20696,Shreyas,Gopal,Shreyas Gopal,52,22,180,169,24,12.86,106.51,0,0,19,2,8,12,0,165.20,1349,52,25.94,8.17,19.06,4/16,1,0
199,5668,Suyash,Sharma,Suyash Sharma,41,0,,,,,,0,0,,,0,3,,143.00,1256,26,48.31,8.78,33.00,3/17,0,0
200,2032,,,,,,,,,,,,,,,,,,,,,,,,,,
201,20601,Rajangad,Bawa,Rajangad Bawa,5,3,19,18,11,9.50,105.56,0,0,1,0,1,3,,,,,,,,,,
202,20624,,,,,,,,,,,,,,,,,,,,,,,,,,
203,3746,Lungisani,Ngidi,Lungisani Ngidi,18,2,0,4,0,,0.00,0,0,0,0,2,2,0,70.00,610,33,18.48,8.71,12.73,4/10,1,0
204,1667,Aiden,Markram,Aiden Markram,70,68,1885,1365,68*,31.95,138.10,15,0,149,79,9,39,0,42.20,376,10,37.60,8.92,25.30,2/30,0,0
205,9,Ravindra,Jadeja,Ravindra Jadeja,268,212,3561,2725,77*,28.26,130.68,7,0,265,127,86,115,0,713.80,5512,180,30.62,7.72,23.79,5/16,3,1
206,5441,Harpreet,Brar,Harpreet Brar,57,28,255,216,29,19.62,118.06,0,0,19,11,15,14,0,157.20,1275,45,28.33,8.11,20.96,4/30,1,0
207,108,Suryakumar,Yadav,Suryakumar Yadav,166,150,4311,2900,103*,35.34,148.66,29,2,454,168,28,74,0,1.00,8,0,,8.00,,0/8,0,0
